<Dictionary>
  <Words>
    <Recognized>
      <Word>Api</Word>
      <Word>Etag</Word>
      <Word>Git</Word>
      <Word>Gists</Word>
      <Word>Gravatar</Word>
      <Word>Hireable</Word>
      <Word>Octokit</Word>
      <Word>OAuth</Word>
      <Word>Poco</Word>
      <Word>Ssh</Word>
      <Word>Svn</Word>
      <Word>Emoji</Word>
      <Word>Emojis</Word>
      <Word>Sha</Word>
      <Word>Color</Word>
      <Word>Prerelease</Word>
      <Word>Commitish</Word>
      <Word>Mergeable</Word>
      <Word>Symlink</Word>
      <Word>Submodule</Word>
      <Word>Forkee</Word>
      <Word>Tarball</Word>
      <Word>Unsuspend</Word>
      <Word>Zipball</Word>
      <Word>Gpg</Word>
    </Recognized>
  </Words>
  <Acronyms>
    <CasingExceptions>
      <Acronym>Poco</Acronym>
      <Acronym>Ssh</Acronym>
      <Acronym>Svn</Acronym>
    </CasingExceptions>
  </Acronyms>
</Dictionary>